,local_warp,cost_func
0,0.09090909090909091,0.08225849716295774
1,0.09090909090909091,0.17261977238118464
2,0.09090909090909091,0.25651939054721207
3,0.09090909090909091,0.3087568629574151
4,0.09090909090909091,0.3433160232728819
5,0.09090909090909091,0.39055154312493945
6,0.09090909090909091,0.42999147799475346
7,0.09090909090909091,0.44898415708783956
8,0.09090909090909091,0.4668700356834712
9,0.09090909090909091,0.48501068726562657
10,0.09090909090909091,0.49730265052487277
11,1.0,0.5004626573703207
12,1.0,0.5073094581440163
13,1.0,0.524820521958554
14,1.0,0.5474547336066101
15,1.0,0.5623657098782036
16,1.0,0.5696980857933951
17,1.0,0.5749352278688038
18,0.3333333333333333,0.5791494004666949
19,0.3333333333333333,0.5855590868230734
20,0.3333333333333333,0.6015768474267914
21,1.0,0.6288774548913246
22,1.0,0.6632727895592723
23,1.0,0.6920887651723717
24,1.0,0.7061935510697785
25,2.0,0.721066759240379
26,1.0,0.7364297371712198
27,1.0,0.7448314552327976
28,1.0,0.7513244095463878
29,1.0,0.7574022473685227
30,1.0,0.7635873694106534
31,1.0,0.7726492848475002
32,1.0,0.786512453455351
33,1.0,0.7959551657531155
34,1.0,0.8022922413914975
35,1.0,0.810216527750877
36,1.0,0.8179298894707362
37,1.0,0.8293232873448891
38,1.0,0.8529085075933546
39,1.0,0.877150935167488
40,1.0,0.8968442041630506
41,1.0,0.9171694437501815
42,1.0,0.943167030324598
43,1.0,0.9652398871725961
44,1.0,0.983541392904733
45,1.0,1.0003969720167025
46,1.0,1.012556119440184
47,1.0,1.0227881136953743
48,1.0,1.0320408979641547
49,1.0,1.0365808609008127
50,1.0,1.0390506883250485
51,1.0,1.0431637123518522
52,1.0,1.0504634162712305
53,1.0,1.0557099078970529
54,1.0,1.062333773878313
55,0.3333333333333333,1.0781635569379922
56,0.3333333333333333,1.0962286152338925
57,0.3333333333333333,1.1107986721611438
58,1.0,1.121604480514956
59,1.0,1.1308182128363282
60,1.0,1.1377195409447547
61,1.0,1.1445858881469828
62,1.0,1.149079426602075
63,1.0,1.1580673342550365
64,1.0,1.1717058441962682
65,1.0,1.1847889107225922
66,1.0,1.1947883048337433
67,1.0,1.2020192286939433
68,1.0,1.2142492391925757
69,1.0,1.2360386460372863
70,1.0,1.2630278753947493
71,0.5,1.2913362114819593
72,0.5,1.3174591052447133
73,1.0,1.339672810355153
74,1.0,1.3616283352406868
75,1.0,1.3776505469513305
76,1.0,1.3847956587599146
77,1.0,1.3942904578623363
78,1.0,1.403090450911508
79,1.0,1.4128355924852762
80,1.0,1.417230026103342
81,1.0,1.4337420580416758
82,1.0,1.4663521723329977
83,1.0,1.5004459328060635
84,1.0,1.523204016669705
85,1.0,1.5376807751304264
86,1.0,1.542085268000018
87,1.0,1.5440869319873944
88,0.5,1.5475544560018317
89,0.5,1.5516975709286975
90,1.0,1.5599718532078657
91,1.0,1.576241112316709
92,1.0,1.6007467985733868
93,1.0,1.6297387411927033
94,1.0,1.6567632296170731
95,1.0,1.6762319775597008
96,1.0,1.6846472836571187
97,1.0,1.6882194100274388
98,1.0,1.690792055368909
99,1.0,1.6930741800512292
100,1.0,1.6961639826197827
101,1.0,1.6999983963363683
102,1.0,1.702908367687996
103,1.0,1.70630543223955
104,0.5,1.7162557798725935
105,0.5,1.7296611375015662
106,1.0,1.742717182117166
107,1.0,1.7537923717489137
108,1.0,1.7610611347277048
109,1.0,1.7643359281375248
110,0.5,1.7700579611267995
111,0.5,1.7768918495683983
112,1.0,1.7845933594986592
113,2.0,1.7940345612270252
114,1.0,1.7976402996128782
115,2.0,1.8000771185823128
116,1.0,1.8023958969436307
117,1.0,1.805195120293166
118,1.0,1.8089300749770902
119,1.0,1.8120394036443426
120,4.0,1.8157220258927327
121,1.0,1.8187820530687056
122,1.0,1.820206849434772
123,1.0,1.8215925551945018
124,1.0,1.8229984524062113
125,1.0,1.824655005842856
126,1.0,1.8267037100247014
127,1.0,1.8285784272385268
128,1.0,1.8303312585217562
129,1.0,1.832006084021025
130,1.0,1.8338847743195643
131,1.0,1.835648648561388
132,1.0,1.8365870142050413
133,1.0,1.837486003039476
134,1.0,1.8389946923816791
135,1.0,1.8404022526990178
136,2.0,1.8423501129352393
137,1.0,1.848447741654451
138,1.0,1.8701528484550007
139,1.0,1.9030255204003743
140,1.0,1.9341068600717655
141,1.0,1.9614889951772947
142,1.0,1.9841455483072505
143,1.0,1.9993956942285094
144,1.0,2.0092902536233295
145,1.0,2.014620371858247
146,2.0,2.022420203244443
147,1.0,2.0301406220379694
148,1.0,2.036715986703305
149,1.0,2.0432345146454796
150,0.16666666666666666,2.0466426439145264
151,0.16666666666666666,2.0498393757238382
152,0.16666666666666666,2.0518726573416304
153,0.16666666666666666,2.0539127529842602
154,0.16666666666666666,2.0577657907311298
155,0.16666666666666666,2.0617362938480785
156,1.0,2.065308464127534
157,1.0,2.068566770356405
158,1.0,2.072447471896385
159,1.0,2.082313848021871
160,1.0,2.0936318061900954
161,1.0,2.106614741760892
162,1.0,2.124305955466057
163,1.0,2.1416341511243777
164,1.0,2.155518720121165
165,1.0,2.1655756470250735
166,1.0,2.178888117981499
167,1.0,2.1983927142290205
168,1.0,2.2179274781339546
169,1.0,2.229173729824096
170,0.5,2.234360525598902
171,0.5,2.239092075975022
172,1.0,2.248854554905174
173,1.0,2.260564478058475
174,1.0,2.2740520016070676
175,1.0,2.2848501506797727
176,1.0,2.293028845873398
177,1.0,2.2981002988132797
178,0.5,2.303081492874818
179,0.5,2.308491330394034
180,1.0,2.3151286444121575
181,2.0,2.326067497921251
182,1.0,2.3378413824108417
183,1.0,2.342275748775184
184,0.5,2.3471719628014527
185,0.5,2.3518707112269626
186,2.0,2.3584098988396693
187,1.0,2.3717912261917977
188,0.3333333333333333,2.3876396564626687
189,0.3333333333333333,2.4093247726584206
190,0.3333333333333333,2.4380667652498462
191,1.0,2.4669303013602986
192,1.0,2.4921692020436463
193,1.0,2.513145378798661
194,1.0,2.5265925793541615
195,1.0,2.5335407822377696
196,1.0,2.545282407545316
197,1.0,2.556370857793669
198,1.0,2.5677009797190893
199,1.0,2.5825187200364264
200,1.0,2.5953178435578246
201,1.0,2.6146592784147225
202,1.0,2.6352326111401654
203,1.0,2.647645279326855
204,1.0,2.650482145929254
205,1.0,2.656037496152583
206,1.0,2.6660889788980238
207,1.0,2.6794644731683115
208,1.0,2.6959803916252443
209,2.0,2.7169964334200074
210,1.0,2.734159038882699
211,1.0,2.7459867040109343
212,1.0,2.756039949513217
213,1.0,2.7609855267049643
214,0.5,2.7644634827699797
215,0.5,2.7683853684028352
216,1.0,2.7799206852016614
217,1.0,2.7901362895607553
218,3.0,2.8043687058238103
219,1.0,2.8275653088569475
220,1.0,2.8418974846521867
221,1.0,2.8614584153291864
222,1.0,2.885880153063048
223,1.0,2.899928923757994
224,0.5,2.9067338956489444
225,0.5,2.9119199224092407
226,1.0,2.9160766149939477
227,1.0,2.9210197223386043
228,1.0,2.9272234367010093
229,1.0,2.9319514251289402
230,1.0,2.9356543344653154
231,1.0,2.9415604731642815
232,1.0,2.9528239816803143
233,1.0,2.962691523143593
234,1.0,2.9678144160839155
235,1.0,2.9716325578277893
236,0.08333333333333333,2.974284460202185
237,0.08333333333333333,2.976980431436866
238,0.08333333333333333,2.9796669171537147
239,0.08333333333333333,2.982577474890172
240,0.08333333333333333,2.9853755021995894
241,0.08333333333333333,2.9886520728466333
242,0.08333333333333333,2.991091839724725
243,0.08333333333333333,2.9929883198717073
244,0.08333333333333333,2.994851081613298
245,0.08333333333333333,2.9983589773545076
246,0.08333333333333333,3.0009207382036833
247,0.08333333333333333,3.0040058125182005
248,1.0,3.009469598933382
249,1.0,3.0150430523634304
250,1.0,3.0176603958243087
251,5.0,3.0208583436422787
252,10.0,3.030968047110897
253,1.0,3.0478732055182265
254,1.0,3.067041673737149
255,1.0,3.0924479539346055
256,1.0,3.1161176233052745
257,0.5,3.1327954687669015
258,0.5,3.1457400414207504
259,1.0,3.1639167867149474
260,1.0,3.1744630032672374
261,1.0,3.184514147714799
262,1.0,3.196139156937414
263,1.0,3.2164232303763054
264,1.0,3.237879347336227
265,1.0,3.259774751960107
266,1.0,3.2818708825568583
267,1.0,3.2962918634784955
268,1.0,3.3059395209664544
269,2.0,3.3295917453180106
270,1.0,3.352396982376331
271,1.0,3.374510212811453
272,1.0,3.397335215275184
273,1.0,3.413416486421292
274,1.0,3.4247181899210437
275,1.0,3.4343553721558573
276,1.0,3.44619810752336
277,1.0,3.465774719999006
278,1.0,3.4928781314381583
279,0.5,3.515823338744295
280,0.5,3.5365246787577522
281,1.0,3.556723687178316
282,1.0,3.582950838004547
283,1.0,3.615366346531271
284,1.0,3.6396445974641654
285,1.0,3.6532693386428963
286,0.5,3.659757272534746
287,0.5,3.6654196305679987
288,1.0,3.671314820708936
289,1.0,3.6806360506593765
290,1.0,3.691723657532205
291,2.0,3.7117211389730067
292,1.0,3.730005179896802
293,0.5,3.7351061573786732
294,0.5,3.7488934896641593
295,1.0,3.767504346512231
296,1.0,3.79795441064922
297,1.0,3.8234078178258875
298,1.0,3.835346185312175
299,1.0,3.845205078851638
300,1.0,3.8584089685745786
301,1.0,3.8711409539859876
302,1.0,3.880091202523639
303,0.5,3.8898689647634392
304,0.5,3.8990465849937803
305,1.0,3.914128582208202
306,0.5,3.9327985989991565
307,0.5,3.954127327241177
308,1.0,3.9736975083286334
309,1.0,3.9867512983005113
310,1.0,3.9929404886648863
311,1.0,3.997283370401438
312,1.0,4.0024307971525115
313,1.0,4.010358413382441
314,1.0,4.015865971469712
315,0.25,4.019303504462572
316,0.25,4.026796046217761
317,0.25,4.03787563303476
318,0.25,4.047353583621101
319,1.0,4.0569653360539215
320,1.0,4.068956186379172
321,1.0,4.081917299908569
322,1.0,4.0979412260929795
323,1.0,4.118613758344188
324,1.0,4.137528768135592
325,1.0,4.153309576757963
326,3.0,4.201011423245979
327,1.0,4.240485142874033
328,1.0,4.261404148826345
329,1.0,4.287544748801787
330,1.0,4.315010447382543
331,1.0,4.338106483271737
332,1.0,4.3520565895009
333,1.0,4.356880264936214
334,1.0,4.364402026106468
335,0.5,4.375878139915484
336,0.5,4.387396168867636
337,1.0,4.395561393496269
338,1.0,4.400520643805628
339,1.0,4.404711284947029
340,1.0,4.407313937805482
341,1.0,4.408615688680824
342,1.0,4.409521138176522
343,1.0,4.410994340618286
344,1.0,4.412164742129102
345,1.0,4.413633333305863
346,1.0,4.41581860827385
347,1.0,4.41821646115951
348,1.0,4.420020331987027
349,1.0,4.421199917514408
350,1.0,4.422635105489284
351,1.0,4.424209130682333
352,1.0,4.425883763141516
353,1.0,4.42717249293796
354,0.25,4.42808539859018
355,0.25,4.42900254185397
356,0.25,4.4304092960189685
357,0.25,4.432151781431131
358,1.0,4.434344462999019
359,1.0,4.436515081400077
360,1.0,4.438629223962234
361,1.0,4.440663001391808
362,1.0,4.4425139421344255
363,1.0,4.444029475398551
364,1.0,4.445077095346874
365,1.0,4.446406183002426
366,1.0,4.447409747595876
367,1.0,4.448394101515525
368,1.0,4.449779284665382
369,1.0,4.45191112117838
370,1.0,4.453585951425483
371,1.0,4.454821766616418
372,1.0,4.457006359117968
373,1.0,4.458331415508981
374,1.0,4.462001519001061
375,1.0,4.467644333470462
376,0.25,4.4729980610504985
377,0.25,4.478246031460765
378,0.25,4.484119890199984
379,0.25,4.501894995068325
380,0.5,4.526842065406192
381,0.5,4.5590997073043935
382,0.5,4.603336997399076
383,0.5,4.6592283042432845
384,1.0,4.6977172049201
385,1.0,4.7272335143679935
386,1.0,4.7582882011245475
387,0.5,4.7983363688537155
388,0.5,4.83926215209129
389,1.0,4.8860502252764135
390,1.0,4.912430306583294
391,1.0,4.937367093012263
392,2.0,4.97671609228995
393,1.0,5.006178657760982
394,1.0,5.01820072556559
395,0.5,5.031743607972381
396,0.5,5.041793232758838
397,1.0,5.053246560924848
398,1.0,5.065241688770737
399,1.0,5.076935383310669
400,1.0,5.085717473954966
401,1.0,5.0957797291015465
402,1.0,5.107691780137397
403,0.5,5.116894467429402
404,0.5,5.122686732944551
405,1.0,5.131151908988945
406,1.0,5.148286708540901
407,1.0,5.175837984961411
408,1.0,5.198128288720432
409,1.0,5.225249830029097
410,1.0,5.251449163772031
411,1.0,5.277682137854213
412,1.0,5.3069602946999375
413,1.0,5.3327441783396825
414,1.0,5.350776816902824
415,1.0,5.362196759636414
416,1.0,5.368711258164557
417,1.0,5.372588452587136
418,1.0,5.376906949795275
419,0.5,5.381491229875443
420,0.5,5.388949083248153
421,1.0,5.394926064457465
422,1.0,5.4049986373499435
423,1.0,5.412895091986358
424,1.0,5.4238516110108765
425,1.0,5.439867963765064
426,1.0,5.457435964545058
427,0.5,5.471163261798551
428,0.5,5.480072060505646
429,1.0,5.486674658741368
430,0.5,5.495046649509227
431,0.5,5.503764083773462
432,0.5,5.50836884722727
433,0.5,5.517466128060933
434,2.0,5.52172084892304
435,1.0,5.5254924937153875
436,1.0,5.530734042801288
437,1.0,5.537252470275429
438,1.0,5.541923450673619
439,1.0,5.546078622181056
440,1.0,5.549170998697831
441,1.0,5.553509243783698
442,1.0,5.556923780722101
443,1.0,5.562059044059294
444,1.0,5.567686826474015
445,1.0,5.578218908346816
446,1.0,5.58861654287513
447,1.0,5.594056103544692
448,1.0,5.597320762983025
449,1.0,5.601136340217091
450,1.0,5.6052942696594625
451,1.0,5.609966814492903
452,1.0,5.6165269578965775
453,1.0,5.621907352551027
454,1.0,5.639279638794119
455,1.0,5.664074630691474
456,1.0,5.69348057946917
457,1.0,5.724559250119627
458,1.0,5.756010934092032
459,1.0,5.786542196087716
460,1.0,5.810385978385946
461,0.5,5.8233262716000125
462,0.5,5.828738528056072
463,1.0,5.834071356210367
464,1.0,5.846974613995419
465,1.0,5.8576383662186
466,0.5,5.8623617241197925
467,0.5,5.864803823138333
468,1.0,5.868274868309584
469,1.0,5.875309456309882
470,1.0,5.882276771859122
471,1.0,5.887360648685248
472,1.0,5.893562406354266
473,1.0,5.909509649312929
474,1.0,5.931256653790848
475,1.0,5.954430874267481
476,1.0,5.97925059693141
477,1.0,5.996255585358746
478,1.0,6.002484081317398
479,1.0,6.005692076861969
480,1.0,6.007002937203051
481,1.0,6.010407216583211
482,0.3333333333333333,6.015196335349236
483,0.3333333333333333,6.021691773810719
484,0.3333333333333333,6.0291018364987226
485,1.0,6.038722890982333
486,1.0,6.048472412881035
487,1.0,6.059080044039739
488,1.0,6.073259411847905
489,1.0,6.088634097894866
490,1.0,6.102313751047733
491,1.0,6.117024843627659
492,1.0,6.133805357756121
493,1.0,6.144857615691433
494,1.0,6.153812250961322
495,1.0,6.161507848419213
496,1.0,6.165731346106159
497,2.0,6.1702847000645615
498,1.0,6.18585298499984
499,1.0,6.205057924089386
500,1.0,6.217057233355096
501,1.0,6.221630173265947
502,1.0,6.225230388227159
503,1.0,6.229627657862524
504,0.1111111111111111,6.2340127818772935
505,0.1111111111111111,6.238400673731455
506,0.1111111111111111,6.244100052549193
507,0.1111111111111111,6.254496884976405
508,0.1111111111111111,6.270062496122015
509,0.1111111111111111,6.287428461703927
510,0.1111111111111111,6.3033300285431135
511,0.1111111111111111,6.31532862028949
512,0.1111111111111111,6.327972623273109
513,1.0,6.35014548980111
514,1.0,6.375571412950537
515,1.0,6.393823428077218
516,1.0,6.402486088443783
517,1.0,6.406498076438592
518,1.0,6.4082149914969255
519,6.0,6.412272768000094
520,1.0,6.417515479145743
521,1.0,6.419546978697046
522,1.0,6.421325899289655
523,1.0,6.423329986317713
524,1.0,6.424829634754057
525,1.0,6.4272188763307225
526,0.5,6.432995373136211
527,0.5,6.444364614268111
528,1.0,6.466404003022246
529,1.0,6.491697413423835
530,1.0,6.5198642716935025
531,1.0,6.540839914905715
532,1.0,6.561589000188129
533,2.0,6.593565946893582
534,1.0,6.616755779737959
535,1.0,6.632023456391817
536,0.5,6.646665167358178
537,0.5,6.660843618614095
538,0.5,6.673177635806878
539,0.5,6.684497518881027
540,1.0,6.698782013619319
541,2.0,6.720112405383432
542,1.0,6.742838508571447
543,2.0,6.764658724789355
544,1.0,6.7849572366489275
545,1.0,6.804202724335486
546,1.0,6.836395219992858
547,1.0,6.881774702993976
548,1.0,6.91775685848903
549,1.0,6.934715998475671
550,1.0,6.941174012646406
551,1.0,6.94590262757966
552,1.0,6.953448155867109
553,1.0,6.964613904799687
554,1.0,6.967494724418452
555,2.0,6.972624466342756
556,1.0,6.976330222421552
557,3.0,6.9802120277999045
558,1.0,6.994337696760165
559,0.5,7.014891819373908
560,0.5,7.038541028252984
561,1.0,7.059795849136236
562,1.0,7.074748975273787
563,1.0,7.080998572375341
564,1.0,7.083266707327273
565,2.0,7.089789460700463
566,1.0,7.100929207340083
567,1.0,7.126694160539617
568,0.5,7.164850063029306
569,0.5,7.186719572020554
570,1.0,7.196089335708799
571,1.0,7.203294619379238
572,1.0,7.214005094709801
573,1.0,7.230036889089442
574,1.0,7.244706586172406
575,1.0,7.25297441793641
576,1.0,7.259231567859546
577,1.0,7.271436877984507
578,1.0,7.284888538354622
579,1.0,7.304902514727293
580,1.0,7.32605911375367
581,1.0,7.3522026258191
582,1.0,7.373505601965018
583,1.0,7.386971626383847
584,1.0,7.401904648697063
585,1.0,7.4125170519925785
586,1.0,7.419768769835086
587,1.0,7.424563261089822
588,1.0,7.4270493034401515
589,1.0,7.4291388245961425
590,1.0,7.431075033466184
591,1.0,7.432793207141933
592,1.0,7.434929950001461
593,1.0,7.4379330951354845
594,1.0,7.442686728081277
595,1.0,7.450510135827576
596,1.0,7.45674933178089
597,1.0,7.460230308538469
598,1.0,7.462851150996584
599,1.0,7.464558428720208
600,1.0,7.465731979412569
601,1.0,7.467538383482728
602,1.0,7.4695083289602655
603,1.0,7.471311398612976
604,1.0,7.472779809431289
605,1.0,7.474435794050308
606,1.0,7.4758259492762305
607,1.0,7.477106943903039
608,1.0,7.478974533849052
609,1.0,7.480929201677899
610,0.5,7.483627390188722
611,0.5,7.48690262796783
612,1.0,7.4906943556599
613,1.0,7.493266453879065
614,1.0,7.494719073628863
615,1.0,7.495562536290796
616,1.0,7.496797190902461
617,1.0,7.503571756082741
618,1.0,7.512583731187933
619,1.0,7.520021845834944
620,1.0,7.530741461217116
621,1.0,7.539516602634631
622,1.0,7.5467224642118325
623,1.0,7.555595930833777
624,1.0,7.566857041331679
625,1.0,7.57878291566891
626,1.0,7.590270034847333
627,1.0,7.601391600181478
628,0.5,7.611677673795363
629,0.5,7.623121296334215
630,0.5,7.633353050269901
631,0.5,7.641375272232723
632,1.0,7.646331965003837
633,1.0,7.651073412199798
634,1.0,7.653853188197427
635,1.0,7.657041634282699
636,1.0,7.6603188737838845
637,2.0,7.663846397884039
638,0.5,7.666766109874829
639,0.5,7.6701721659093245
640,1.0,7.6726862598871035
641,2.0,7.6901004501129115
642,1.0,7.7249061737546345
643,1.0,7.761756725945253
644,1.0,7.787374255586492
645,1.0,7.8012560332204375
646,1.0,7.813756704832358
647,0.25,7.824879022593775
648,0.25,7.839169147198445
649,0.25,7.8529822642773235
650,0.25,7.865408328564021
651,1.0,7.877473431100664
652,1.0,7.88795338977373
653,1.0,7.902099829073101
654,1.0,7.915610179994719
655,1.0,7.923297595173714
656,1.0,7.929065988793512
657,1.0,7.9392072292886215
658,1.0,7.956257051548862
659,1.0,7.971881335392242
660,1.0,7.979638369171898
661,1.0,7.996156131494818
662,1.0,8.021201489722356
663,1.0,8.03323307036008
664,1.0,8.037989837618063
665,0.5,8.043167305877118
666,0.5,8.04642544463855
667,1.0,8.052619793916106
668,1.0,8.069605010637869
669,2.0,8.092359394783369
670,1.0,8.10330514651481
671,1.0,8.12708183279755
672,1.0,8.150236918098113
673,1.0,8.161588014312073
674,0.5,8.165654662544663
675,0.5,8.171601264673855
676,1.0,8.178982044096122
677,1.0,8.189240476358373
678,1.0,8.20434364227079
679,1.0,8.218602787640432
680,1.0,8.231984573468118
681,1.0,8.240437331179754
682,0.5,8.247667094975519
683,0.5,8.258207423650559
684,1.0,8.27296290565287
685,1.0,8.287885309405961
686,1.0,8.301618683173013
687,2.0,8.318486038573944
688,1.0,8.33282365483078
689,1.0,8.344881300080901
690,0.5,8.359992297842084
691,0.5,8.373574267649316
692,0.5,8.386228011312873
693,0.5,8.395529608096894
694,1.0,8.400248915494583
695,1.0,8.403595541913342
696,1.0,8.405731364806712
697,1.0,8.407690345523456
698,1.0,8.409504865815533
699,2.0,8.413197721836163
700,1.0,8.417504100666214
701,1.0,8.423131249057986
702,1.0,8.431859761649338
703,1.0,8.437448821428456
704,0.3333333333333333,8.439376847730255
705,0.3333333333333333,8.441681429718919
706,0.3333333333333333,8.4441164226972
707,1.0,8.451969687068921
708,1.0,8.465190156946903
709,1.0,8.478617354223465
710,1.0,8.490537526149657
711,1.0,8.504935502947685
712,1.0,8.514994103728334
713,1.0,8.51853008936653
714,1.0,8.523025336719384
715,1.0,8.5292923921064
716,1.0,8.536628654954015
717,0.5,8.542908211055082
718,0.5,8.547905669629198
719,1.0,8.5523014518625
720,1.0,8.556733925155635
721,1.0,8.565330354751039
722,1.0,8.57903225985358
723,1.0,8.593412543727574
724,0.3333333333333333,8.608018127635681
725,0.3333333333333333,8.623874875728156
726,0.3333333333333333,8.637957340297582
727,1.0,8.6501031669456
728,1.0,8.66578720448935
729,1.0,8.687393863809756
730,2.0,8.728041985353013
731,1.0,8.761977235412933
732,0.5,8.774938303846305
733,0.5,8.790757412222527
734,1.0,8.796762912203542
735,1.0,8.801175597524656
736,1.0,8.806522154306766
737,0.5,8.813710072305183
738,0.5,8.819367255105625
739,1.0,8.82445706812383
740,2.0,8.833805435272993
741,1.0,8.849395286953705
742,1.0,8.867374833100754
743,1.0,8.888507264996978
744,1.0,8.904302494876504
745,1.0,8.913306666420233
746,1.0,8.919747831364463
747,1.0,8.926373429661144
748,0.5,8.932711046054187
749,0.5,8.940191417609812
750,1.0,8.950107652502417
751,1.0,8.957087854252382
752,1.0,8.964620175152838
753,1.0,8.970915744452512
754,1.0,8.976741323878501
755,1.0,8.98329985926356
756,1.0,8.991643316818973
757,1.0,9.003434268219
758,1.0,9.020324767554763
759,1.0,9.030193088455459
760,1.0,9.035546755809262
761,1.0,9.040453682815238
762,1.0,9.045477252868745
763,2.0,9.052007265050277
764,2.0,9.064281707156548
765,1.0,9.077795819422674
766,1.0,9.088254923867996
767,1.0,9.096511716357346
768,1.0,9.102506670294273
769,1.0,9.106637617762791
770,0.5,9.110955614908006
771,0.5,9.11514465490207
772,1.0,9.118884382901271
773,0.5,9.126653442086099
774,0.5,9.132995624785517
775,1.0,9.137746630930835
776,1.0,9.141001245925446
777,1.0,9.14773188257314
778,1.0,9.158778364263252
779,1.0,9.173933195436382
780,1.0,9.186634787287634
781,0.3333333333333333,9.198437550681255
782,0.3333333333333333,9.20674934077524
783,0.3333333333333333,9.212187511721925
784,0.5,9.21565242738823
785,0.5,9.217781429691568
786,1.0,9.220254958760108
787,1.0,9.22631522445135
788,1.0,9.241948564319573
789,1.0,9.260391505368919
790,1.0,9.280780768512276
791,1.0,9.298270930570354
792,1.0,9.31220492061093
793,1.0,9.32594785542058
794,0.3333333333333333,9.333303211462086
795,0.3333333333333333,9.336614196226154
796,0.3333333333333333,9.340705594366582
797,1.0,9.345880465500468
798,1.0,9.35235203231209
799,1.0,9.359325089924056
800,1.0,9.370150198292444
801,1.0,9.385233188248423
802,1.0,9.403428832113436
803,1.0,9.418083985095421
804,0.5,9.429211216037112
805,0.5,9.440553047517358
806,1.0,9.455578314287717
807,1.0,9.470861091725482
808,1.0,9.480786196058903
809,1.0,9.487465626147003
810,1.0,9.492963465357839
811,1.0,9.496822272922994
812,1.0,9.499537668071508
813,1.0,9.501289056580353
814,1.0,9.50228890879584
815,0.5,9.50312404009546
816,0.5,9.505343051037189
817,1.0,9.520606488760729
818,0.5,9.54719801498631
819,0.5,9.579579167570634
820,0.5,9.603812536498179
821,0.5,9.61300949250031
822,1.0,9.619080694897777
823,1.0,9.622400722388823
824,1.0,9.628956909275136
825,1.0,9.637317951331642
826,1.0,9.648591522956272
827,3.0,9.667553243655343
828,1.0,9.676737974754452
829,0.3333333333333333,9.67910443814205
830,0.3333333333333333,9.682109626572974
831,0.3333333333333333,9.691585826272352
832,1.0,9.707272721045804
833,1.0,9.730530594809101
834,1.0,9.746991546198643
835,1.0,9.759832898215159
836,1.0,9.770036582069688
837,1.0,9.779784433337731
838,1.0,9.789398313987178
839,1.0,9.802003001579871
840,1.0,9.811671533541809
841,1.0,9.81548074222263
842,1.0,9.82228953093118
843,1.0,9.830501528266844
844,1.0,9.838503348176031
845,1.0,9.847042871894008
846,0.5,9.854841704625262
847,0.5,9.865794209283923
848,1.0,9.889618231799657
849,1.0,9.92412068517152
850,1.0,9.94922143000887
851,1.0,9.965802587836485
852,1.0,9.974111096825101
853,0.5,9.982907009653669
854,0.5,9.992505720298613
855,0.5,10.004244641086013
856,0.5,10.017574646201755
857,0.5,10.025308724189232
858,0.5,10.030202842538817
859,1.0,10.03995942167805
860,1.0,10.056930381481408
861,1.0,10.07388364317774
862,1.0,10.089477332843472
863,1.0,10.09896477757651
864,1.0,10.106122101241782
865,1.0,10.110335736039522
866,1.0,10.113354842447064
867,1.0,10.13193512573765
868,1.0,10.155994772056264
869,1.0,10.183837686968133
870,1.0,10.2093724366216
871,1.0,10.223468040794234
872,1.0,10.233001552307606
873,1.0,10.240508174181786
874,1.0,10.245663764472567
875,1.0,10.250312631894342
876,1.0,10.252829518056734
877,1.0,10.254591840196566
878,1.0,10.25711084132355
879,1.0,10.265099465024022
880,1.0,10.274073724835006
881,1.0,10.281244009160604
882,1.0,10.285301657188807
883,1.0,10.288343137069516
884,1.0,10.291427409364283
885,1.0,10.293738550809104
886,1.0,10.295948561511798
887,1.0,10.298610608932893
888,1.0,10.300882140153337
889,1.0,10.303463801980923
890,1.0,10.306330108965318
891,1.0,10.308588947101045
892,1.0,10.310184061334304
893,2.0,10.312087367497131
894,1.0,10.31513510412995
895,1.0,10.318049451953136
896,1.0,10.320041894061095
897,1.0,10.32196892669611
898,1.0,10.323690604455695
899,1.0,10.325358875911975
900,1.0,10.327295060592206
901,1.0,10.328871960722005
902,1.0,10.33209190229203
903,0.16666666666666666,10.348168627319119
904,0.16666666666666666,10.36502244424115
905,0.16666666666666666,10.370863291843404
906,0.16666666666666666,10.37164823723559
907,0.16666666666666666,10.372355101433016
908,0.16666666666666666,10.373427719565417
909,1.0,10.374524581495779
910,1.0,10.376534528086456
911,1.0,10.377305820765873
912,1.0,10.394617192546308
913,0.5,10.413838874877952
914,0.5,10.440314418769127
915,1.0,10.460257517782274
916,1.0,10.47282506145745
917,1.0,10.481408759393616
918,1.0,10.49470340076033
919,1.0,10.507788614144477
920,1.0,10.515045350686231
921,1.0,10.523641963170837
922,2.0,10.544627847909943
923,1.0,10.566353859445218
924,1.0,10.576639203353023
925,1.0,10.58190665045404
926,1.0,10.58415544761547
927,1.0,10.59077149120841
928,1.0,10.604708102987724
929,1.0,10.620231721354989
930,1.0,10.636577153782337
931,1.0,10.6581624373387
932,1.0,10.677831466894244
933,1.0,10.68826172592474
934,1.0,10.69218033574787
935,1.0,10.69389219847456
936,1.0,10.70117893398712
937,1.0,10.716239887785127
938,1.0,10.736028031595897
939,1.0,10.74841859767339
940,1.0,10.756565946048251
941,2.0,10.764419264023129
942,1.0,10.77670732201177
943,1.0,10.784616903926402
944,1.0,10.78822875292658
945,1.0,10.791401850251695
946,4.0,10.797027062440332
947,1.0,10.804250370939982
948,1.0,10.810043658294697
949,1.0,10.814673423972112
950,1.0,10.817991672299295
951,1.0,10.821860870559172
952,1.0,10.827520156370628
953,1.0,10.834233146665744
954,1.0,10.84259314808
955,1.0,10.850871348735923
956,1.0,10.86058056706974
957,1.0,10.888466383712688
958,1.0,10.926351502695733
959,1.0,10.94757349923618
960,0.5,10.951493445148497
961,0.5,10.956818640733914
962,1.0,10.967659732949627
963,1.0,10.987537274143072
964,2.0,11.010118167984771
965,1.0,11.024637774550914
966,1.0,11.02917695197393
967,1.0,11.042824779390395
968,1.0,11.053688297287508
969,1.0,11.062299406271665
970,1.0,11.068291989866609
971,0.5,11.075923278209755
972,0.5,11.085103387854968
973,1.0,11.095083327544225
974,1.0,11.107511471121212
975,1.0,11.121044184234611
976,1.0,11.148287620113468
977,1.0,11.176034836548903
978,1.0,11.199723660757666
979,2.0,11.22982750548038
980,1.0,11.247190034005131
981,1.0,11.268273185871486
982,1.0,11.289163271854298
983,1.0,11.305034041720761
984,1.0,11.318061550012521
985,1.0,11.331572504927932
986,1.0,11.352970506818123
987,1.0,11.374522004480223
988,1.0,11.394828936187485
989,1.0,11.411755215665256
990,1.0,11.432190202625247
991,1.0,11.454644970930012
992,2.0,11.48246050797572
993,1.0,11.497739060543548
994,1.0,11.510882841350119
995,1.0,11.526216989116543
996,0.5,11.53772822244348
997,0.5,11.544761825683187
998,1.0,11.548215710013952
999,1.0,11.552245649507356
1000,1.0,11.562038232354364
1001,1.0,11.582038542440383
1002,1.0,11.602823950550752
1003,1.0,11.61638441867222
1004,1.0,11.620694461108142
1005,3.0,11.628909129552417
1006,0.5,11.635080456481774
1007,0.5,11.637597798106587
1008,1.0,11.640200276431774
1009,1.0,11.648570665298687
1010,1.0,11.66026201156074
1011,1.0,11.671082426788361
1012,1.0,11.680233137335646
1013,0.5,11.689088565583896
1014,0.5,11.697815321590172
1015,1.0,11.7137859382447
1016,1.0,11.733717401300929
1017,1.0,11.753971734000993
1018,1.0,11.765763772239321
1019,1.0,11.769578170899313
1020,1.0,11.771925924019838
1021,1.0,11.774722039294895
1022,1.0,11.778667605212714
1023,2.0,11.785917975349925
1024,1.0,11.797462842769917
1025,1.0,11.807623335833291
1026,1.0,11.816763222185774
1027,1.0,11.825165362028107
1028,3.0,11.837212919326225
1029,1.0,11.863768175060834
1030,1.0,11.885410492998156
1031,1.0,11.904897967528338
1032,1.0,11.918063773157751
1033,1.0,11.930373049931982
1034,1.0,11.94538069055001
1035,1.0,11.957376009758363
1036,1.0,11.963218579883147
1037,1.0,11.966473184385805
1038,1.0,11.969655190782921
1039,1.0,11.973625136652384
1040,1.0,11.97960353596575
1041,1.0,11.985344668676822
1042,1.0,11.99651635285439
1043,1.0,12.010045353779216
1044,1.0,12.024258775709097
1045,1.0,12.036733749758865
1046,1.0,12.051182276220251
1047,1.0,12.064341873127947
1048,0.5,12.077918404332992
1049,0.5,12.092421843687058
1050,1.0,12.114691607135148
1051,1.0,12.149093250708255
1052,2.0,12.187772243894148
1053,2.0,12.22326547085833
1054,1.0,12.237428553587629
1055,0.3333333333333333,12.254976185047422
1056,0.3333333333333333,12.26280948641896
1057,0.3333333333333333,12.267690687728907
1058,1.0,12.270772900511242
1059,1.0,12.275372491990948
1060,1.0,12.278762932175853
1061,0.3333333333333333,12.281082013419514
1062,0.3333333333333333,12.283912334132237
1063,0.3333333333333333,12.286454278439017
1064,1.0,12.288574952517706
1065,1.0,12.290638144499576
1066,2.0,12.294045782384075
1067,1.0,12.299588810253411
1068,1.0,12.305590821486335
1069,1.0,12.311028946316297
1070,1.0,12.314816995863614
1071,1.0,12.318084884801387
1072,1.0,12.320752936864515
1073,1.0,12.322385664841041
1074,8.0,12.327896702512005
1075,1.0,12.332564899505678
1076,1.0,12.333866380296444
1077,1.0,12.335091700306101
1078,1.0,12.33750162361564
1079,1.0,12.3403843100515
1080,1.0,12.345533374001086
1081,1.0,12.352580592069627
1082,1.0,12.356773065143113
1083,1.0,12.358575661616062
1084,1.0,12.360732021891215
1085,1.0,12.362639876859001
1086,1.0,12.364412499912207
1087,1.0,12.367630812662489
1088,1.0,12.380593257932853
1089,3.0,12.399622987981388
1090,1.0,12.405283385038164
1091,1.0,12.407307770009133
1092,1.0,12.40897096390452
1093,1.0,12.410276760051548
1094,1.0,12.411867445508395
1095,1.0,12.413914405717302
1096,1.0,12.42438031621903
1097,1.0,12.441721592555709
1098,1.0,12.458484962276483
1099,1.0,12.471945519675627
1100,1.0,12.47890626883662
1101,1.0,12.501182273279435
1102,1.0,12.530711301270573
1103,1.0,12.56036158176737
1104,1.0,12.587595703495811
1105,1.0,12.61067080244384
1106,1.0,12.627944249213408
1107,1.0,12.64486716779823
1108,2.0,12.672642326932925
1109,1.0,12.70332682465027
1110,1.0,12.728677964076748
1111,1.0,12.754146698672981
1112,1.0,12.771135504388996
1113,0.5,12.787072466672765
1114,0.5,12.7949159598909
1115,1.0,12.801033391142955
1116,1.0,12.805856929315684
1117,2.0,12.814317279966984
1118,1.0,12.820571413355971
1119,1.0,12.823157293491612
1120,1.0,12.834734253942218
1121,1.0,12.864055633537431
1122,1.0,12.889182613404515
1123,1.0,12.912803917348711
1124,1.0,12.942025440544592
1125,1.0,12.97093126895021
1126,1.0,12.996200911318295
1127,1.0,13.01848499247995
1128,1.0,13.036867034672005
1129,1.0,13.048846970208452
1130,1.0,13.058466969489526
1131,1.0,13.065231765166029
1132,1.0,13.068231480538103
1133,1.0,13.071553818488567
1134,1.0,13.073446055634053
1135,1.0,13.079153895847544
1136,1.0,13.084117952855623
1137,1.0,13.088498242924453
1138,1.0,13.090048335415958
1139,2.0,13.09438248939014
1140,1.0,13.1136762792895
1141,1.0,13.137017152752618
1142,1.0,13.155977225104785
1143,1.0,13.17673082795567
1144,1.0,13.196889316639087
1145,1.0,13.214475903345006
1146,1.0,13.224426260075624
1147,1.0,13.230750462299378
1148,1.0,13.241963261303145
1149,1.0,13.256272129158281
1150,1.0,13.269464813179152
1151,1.0,13.281639071406847
1152,1.0,13.293219512418174
1153,1.0,13.303775152267692
1154,1.0,13.31230698369683
1155,1.0,13.318043499261442
1156,1.0,13.328187509157486
1157,1.0,13.34018162143194
1158,1.0,13.34955882448632
1159,0.5,13.360419840400738
1160,0.5,13.375342958937578
1161,1.0,13.38658684894515
1162,0.5,13.394840678617426
1163,0.5,13.400630064545986
1164,1.0,13.408541561509061
1165,1.0,13.422424146616981
1166,3.0,13.450073108898794
1167,1.0,13.47001503082225
1168,0.5,13.481127807315081
1169,0.5,13.493792042222562
1170,1.0,13.502457320644872
1171,0.5,13.515590635060166
1172,0.5,13.532773660461118
1173,1.0,13.5490426377367
1174,1.0,13.561314620017994
1175,1.0,13.570155990824825
1176,1.0,13.578560013386298
1177,1.0,13.590336199295436
1178,1.0,13.599806222506924
1179,1.0,13.604597387026482
1180,15.0,13.642456671661467
1181,1.0,13.695712162650574
1182,0.5,13.719032270956868
1183,0.5,13.747494858288045
1184,1.0,13.771473411153469
1185,1.0,13.785894889255975
1186,1.0,13.79154391277421
1187,1.0,13.79667821047092
1188,0.3333333333333333,13.803546363681829
1189,0.3333333333333333,13.812611617681142
1190,0.3333333333333333,13.819879854175856
1191,1.0,13.825843519556972
1192,1.0,13.83237146822641
1193,0.16666666666666666,13.847242286332103
1194,0.16666666666666666,13.863634986386586
1195,0.16666666666666666,13.868634709603574
1196,0.16666666666666666,13.87720789778768
1197,0.16666666666666666,13.886835552612554
1198,0.16666666666666666,13.893176919750442
1199,1.0,13.899881124609205
1200,5.0,13.932797866241284
1201,1.0,13.974645604403031
1202,1.0,14.021142611154705
1203,1.0,14.060582189993411
1204,1.0,14.085249685792192
1205,1.0,14.106381976358671
1206,1.0,14.122571510612435
1207,1.0,14.133094041432633
1208,1.0,14.143186420057761
1209,1.0,14.159244091365519
1210,1.0,14.177027471579393
1211,1.0,14.194971759088208
1212,1.0,14.206197703738365
1213,0.5,14.214462903805515
1214,0.5,14.220509003919926
1215,0.5,14.230445919636377
1216,0.5,14.241201099763845
1217,1.0,14.271499647680612
1218,1.0,14.305055465094606
1219,1.0,14.321965136681264
1220,2.0,14.329250613610746
1221,1.0,14.337981873080928
1222,1.0,14.350285806018663
1223,1.0,14.377170842811422
1224,0.5,14.404983618845467
1225,0.5,14.42280462741902
1226,0.14285714285714285,14.429316657099978
1227,0.14285714285714285,14.438345362933068
1228,0.14285714285714285,14.44567644412233
1229,0.14285714285714285,14.448726924682587
1230,0.14285714285714285,14.453858044759848
1231,0.14285714285714285,14.46570027598188
1232,0.14285714285714285,14.481033743864815
1233,0.5,14.49349478489519
1234,0.5,14.498321132158518
1235,1.0,14.502153903743176
1236,1.0,14.510933329942533
1237,1.0,14.518639258965965
1238,1.0,14.5310303179785
1239,1.0,14.54319947371252
1240,1.0,14.555404407752516
1241,1.0,14.568066918071787
1242,1.0,14.578130728512207
1243,1.0,14.584608739147923
1244,1.0,14.593229218167588
1245,1.0,14.596837926202385
1246,1.0,14.599954412517677
1247,1.0,14.60397604376885
1248,0.3333333333333333,14.607433875354992
1249,0.3333333333333333,14.611923658972172
1250,0.3333333333333333,14.616325259540176
1251,1.0,14.620023606511568
1252,1.0,14.622556819471557
1253,1.0,14.624990349033547
1254,1.0,14.627715932683376
1255,2.0,14.637626579257617
1256,2.0,14.651559429129623
1257,1.0,14.656443337562623
1258,1.0,14.659744931632176
1259,1.0,14.664724318321793
1260,1.0,14.672292481781259
1261,0.5,14.683817882700371
1262,0.5,14.69334988042095
1263,1.0,14.701363435359516
1264,2.0,14.718052973156688
1265,1.0,14.746917920828126
1266,1.0,14.755220948341064
1267,1.0,14.76203293023286
1268,0.5,14.767936153089762
1269,0.5,14.771618695518683
1270,1.0,14.774284377032341
1271,1.0,14.775707093859554
1272,2.0,14.777997838804131
1273,1.0,14.781305248464072
1274,1.0,14.78376627792477
1275,1.0,14.788570604281192
1276,1.0,14.79418580754467
1277,1.0,14.797717935010033
1278,1.0,14.801289453708392
1279,1.0,14.806078507721505
1280,1.0,14.808761495011677
1281,1.0,14.810036324995115
1282,1.0,14.811823649073247
1283,1.0,14.814617998142849
1284,1.0,14.8162323625237
1285,1.0,14.81818994360669
1286,0.5,14.820033998818813
1287,0.5,14.821745675502491
1288,1.0,14.82317996349881
1289,1.0,14.825048463036449
1290,1.0,14.827105167804216
1291,1.0,14.82893660445066
1292,1.0,14.83105479231371
1293,1.0,14.833557390506119
1294,1.0,14.835773238942794
1295,1.0,14.837489266023917
1296,1.0,14.838647982826735
1297,1.0,14.846158746328005
1298,1.0,14.868761919631563
1299,1.0,14.9013541125328
1300,1.0,14.929286158185747
1301,1.0,14.954113401173965
1302,1.0,14.975672799401282
1303,1.0,14.988894198088769
1304,1.0,14.99815852882619
1305,1.0,15.009274866933408
1306,1.0,15.031134735198565
1307,1.0,15.058858143377336
1308,1.0,15.087587712200822
1309,1.0,15.103438774945198
1310,1.0,15.108295872435836
1311,1.0,15.11203954508806
1312,2.0,15.15233572972641
1313,1.0,15.207732480779082
1314,1.0,15.220780724326625
1315,1.0,15.2291326629595
1316,1.0,15.235146860019494
1317,1.0,15.240780273836783
1318,1.0,15.24896249639579
1319,1.0,15.259410997048876
1320,1.0,15.26934330849702
1321,1.0,15.276802616872798
1322,1.0,15.284124550343616
1323,0.5,15.291573393776895
1324,0.5,15.309259835402282
1325,1.0,15.332522425164047
1326,1.0,15.350166504317013
1327,1.0,15.358314842095947
1328,1.0,15.361082164315182
1329,1.0,15.364497511748185
1330,1.0,15.390189097731785
1331,1.0,15.422417222820352
1332,1.0,15.44565440406694
1333,2.0,15.457263308745484
1334,1.0,15.46496259125341
1335,1.0,15.4703027552398
1336,1.0,15.475902936598253
1337,1.0,15.482013390224845
1338,1.0,15.489177527083797
1339,1.0,15.49531513755582
1340,1.0,15.498476207383803
1341,2.0,15.500975787933077
1342,4.0,15.505809452500497
1343,1.0,15.510972696126473
1344,1.0,15.518316656072704
1345,2.0,15.538698441811388
1346,1.0,15.550480883018695
1347,1.0,15.55384056928053
1348,1.0,15.557524633782716
1349,1.0,15.562390094726089
1350,1.0,15.565817635195492
1351,1.0,15.57367451768699
1352,1.0,15.592939607001236
1353,1.0,15.61849251081629
1354,1.0,15.635281455517228
1355,2.0,15.650964084691985
1356,1.0,15.666614646523561
1357,1.0,15.685403043938665
1358,1.0,15.69689997177488
1359,1.0,15.702683638673175
1360,0.5,15.713848379357986
1361,0.5,15.725161399790213
1362,1.0,15.732858173515405
1363,1.0,15.737556940180909
1364,0.2,15.742628328407019
1365,0.2,15.749652085193732
1366,0.2,15.75949707973619
1367,0.2,15.769025032466956
1368,0.2,15.776840493158018
1369,1.0,15.782656662172332
1370,2.0,15.786890964949437
1371,1.0,15.799143067565419
1372,1.0,15.812336734247744
1373,1.0,15.82143688625148
1374,1.0,15.828013289627982
1375,2.0,15.84734487789612
1376,1.0,15.86968206822948
1377,1.0,15.880231765467187
1378,1.0,15.888439847805033
1379,1.0,15.897436959039485
1380,1.0,15.906793024248094
1381,1.0,15.914318619260793
1382,1.0,15.919648275856153
1383,1.0,15.926097668378995
1384,1.0,15.933977214997757
1385,1.0,15.940872661238997
1386,1.0,15.946765157306448
1387,0.5,15.953187103092388
1388,0.5,15.965575613700022
1389,1.0,15.974619466263862
1390,2.0,15.98665405490673
1391,1.0,16.000247360640053
1392,1.0,16.01443493496877
1393,1.0,16.028514459100585
1394,1.0,16.03875702350669
1395,1.0,16.047007304194747
1396,1.0,16.05152539213693
1397,1.0,16.053719934282892
1398,1.0,16.05616679763618
1399,1.0,16.064334062262585
1400,1.0,16.07163972114183
1401,1.0,16.082058884349266
1402,2.0,16.098414116708
1403,1.0,16.11032691057715
1404,1.0,16.11874628891158
1405,1.0,16.125657179879145
1406,1.0,16.13307840686183
1407,1.0,16.140049762144443
1408,1.0,16.14384320822134
1409,1.0,16.146590396780137
1410,1.0,16.148819997809976
1411,1.0,16.15080638747033
1412,0.5,16.152015867078525
1413,0.5,16.154347654925093
1414,1.0,16.157341311021703
1415,0.5,16.159193706020304
1416,0.5,16.161063283152405
1417,1.0,16.16389375563277
1418,1.0,16.16681011164732
1419,1.0,16.170721583758116
1420,1.0,16.173049160443842
1421,1.0,16.175018981811263
1422,1.0,16.177317675480655
1423,1.0,16.178777399049828
1424,1.0,16.182149106965003
1425,0.5,16.186117300257262
1426,0.5,16.19116956049355
1427,1.0,16.19892704919488
1428,2.0,16.21869278793627
1429,1.0,16.236316240898162
1430,1.0,16.245514955320537
1431,0.5,16.257957905139733
1432,0.5,16.270336889211453
1433,1.0,16.27877346213518
1434,1.0,16.289501220714865
1435,1.0,16.297152794428104
1436,1.0,16.303861706017692
1437,1.0,16.312453092488948
1438,1.0,16.321705694373467
1439,0.5,16.32970252639687
1440,0.5,16.336703318335537
1441,1.0,16.343281270288628
1442,1.0,16.349658659449087
1443,1.0,16.35438584827814
1444,1.0,16.35931230152129
1445,1.0,16.363895988138186
1446,1.0,16.36920325881615
1447,1.0,16.379489141847827
1448,1.0,16.390934565430104
1449,1.0,16.40242712346091
1450,0.3333333333333333,16.42414726397438
1451,0.3333333333333333,16.450564750122123
1452,0.3333333333333333,16.46919746789657
1453,1.0,16.484247188452006
1454,1.0,16.50239277518761
1455,1.0,16.53044999211834
1456,1.0,16.54902427660736
1457,1.0,16.559070186540044
1458,1.0,16.574999119494088
1459,1.0,16.58840738262981
1460,1.0,16.60295940915686
1461,1.0,16.622489464247522
1462,2.0,16.651478791788104
1463,1.0,16.680248718398527
1464,1.0,16.69985419056403
1465,1.0,16.719357429346218
1466,1.0,16.73039614821776
1467,1.0,16.736719130030288
1468,1.0,16.74455775690698
1469,1.0,16.75345459064995
1470,2.0,16.770843333815037
1471,1.0,16.781895642547624
1472,1.0,16.784431735339325
1473,1.0,16.786634193918427
1474,3.0,16.79148380799469
1475,2.0,16.800632196945408
1476,1.0,16.80652988332858
1477,1.0,16.815702042408766
1478,1.0,16.82772678182589
1479,1.0,16.843391045490453
1480,1.0,16.859770407701255
1481,1.0,16.875080741967494
1482,1.0,16.88746226536488
1483,1.0,16.890443775603124
1484,1.0,16.89654673648105
1485,1.0,16.908087256377037
1486,1.0,16.917791906381193
1487,1.0,16.925739964331292
1488,1.0,16.930465698107156
1489,1.0,16.931776631260437
1490,1.0,16.93476477554523
1491,1.0,16.93858484578056
1492,1.0,16.94412100936506
1493,1.0,16.95030020803925
1494,1.0,16.958051125989897
1495,1.0,16.968463948350607
1496,1.0,16.979497862471124
1497,1.0,16.987173321317677
1498,1.0,16.993619085357665
1499,1.0,16.996720243192225
1500,1.0,16.99800084621775
1501,0.5,17.00042970563848
1502,0.5,17.002414263538256
1503,1.0,17.0056093657078
1504,2.0,17.01080833158935
1505,1.0,17.01451272046515
1506,1.0,17.020557283954393
1507,1.0,17.02914687468401
1508,1.0,17.03690988683867
1509,1.0,17.04737337542282
1510,1.0,17.065414321379933
1511,1.0,17.08655920483151
1512,1.0,17.106254046582805
1513,3.0,17.125570729671015
1514,1.0,17.14254949497797
1515,1.0,17.154875748664324
1516,1.0,17.166402580344332
1517,1.0,17.17374387619143
1518,1.0,17.17905190612879
1519,0.5,17.182308548512566
1520,0.5,17.187871735230882
1521,0.5,17.197799428315523
1522,0.5,17.21629696166907
1523,1.0,17.25626036829537
1524,1.0,17.303436527409396
1525,1.0,17.340366140802605
1526,3.0,17.38207910203416
1527,1.0,17.409723526489483
1528,1.0,17.429812982580053
1529,1.0,17.438129534054426
1530,1.0,17.44757597812278
1531,1.0,17.45902230052182
1532,1.0,17.469196304660006
1533,1.0,17.47749087305107
1534,1.0,17.48338637400863
1535,1.0,17.488057895712853
1536,0.5,17.491484315305144
1537,0.5,17.493400632001553
1538,1.0,17.495823535526675
1539,1.0,17.499001530252205
1540,1.0,17.50420227878847
1541,0.3333333333333333,17.509747923059415
1542,0.3333333333333333,17.522492375980754
1543,0.3333333333333333,17.541882052112374
1544,1.0,17.565559943234458
1545,1.0,17.59059128209666
1546,1.0,17.610202254391005
1547,0.5,17.621824384845493
1548,0.5,17.627008408407377
1549,0.25,17.629201826181657
1550,0.25,17.63236886200883
1551,0.25,17.638153470689833
1552,0.25,17.641744271497174
1553,1.0,17.643674358484986
1554,1.0,17.645862205514593
1555,1.0,17.648044549133132
1556,0.25,17.650542824948204
1557,0.25,17.653151380807202
1558,0.25,17.654864653173146
1559,0.25,17.65650871285766
1560,1.0,17.65832395717712
1561,1.0,17.660011469895903
1562,15.0,17.663328229065634
1563,1.0,17.673808537217592
1564,1.0,17.694105145379456
1565,1.0,17.72615317166131
1566,3.0,17.791135408913348
1567,1.0,17.844238507518874
1568,1.0,17.854269158099065
1569,1.0,17.86057733701228
1570,0.5,17.868110018719463
1571,0.5,17.87714961509938
1572,1.0,17.88581408110588
1573,1.0,17.9124493828476
1574,1.0,17.954746239809296
1575,1.0,17.994971737872753
1576,1.0,18.023113107916515
1577,1.0,18.04302842432355
1578,1.0,18.058362296965605
1579,1.0,18.070540386447977
1580,1.0,18.076723866786843
1581,1.0,18.08282783455752
1582,1.0,18.091906728461325
1583,1.0,18.097996763016614
1584,2.0,18.10543067984809
1585,1.0,18.12543095051042
1586,1.0,18.13457024817283
1587,1.0,18.14535819911465
1588,1.0,18.16067485129128
1589,1.0,18.17864472727567
1590,1.0,18.19869715054191
1591,1.0,18.221069366993078
1592,1.0,18.244050528372036
1593,1.0,18.26511008398776
1594,3.0,18.2897766306319
1595,2.0,18.338707577510903
1596,1.0,18.367491489238105
1597,0.25,18.384950502200073
1598,0.25,18.399405233326693
1599,0.25,18.41361544081017
1600,0.25,18.432515197244058
1601,1.0,18.449523353152554
1602,1.0,18.463438698013558
1603,1.0,18.476102969772505
1604,1.0,18.49287929581587
1605,1.0,18.508998948380114
1606,1.0,18.518354887684794
1607,1.0,18.525002901569984
1608,1.0,18.531744705370166
1609,1.0,18.54709316323162
1610,1.0,18.563704129836957
1611,1.0,18.58024170213305
1612,1.0,18.59414304175431
1613,1.0,18.603000354431565
1614,1.0,18.608006026718503
1615,2.0,18.61299024426512
1616,1.0,18.619782825184448
1617,1.0,18.624484362546
1618,1.0,18.63113557544711
1619,1.0,18.639304500201884
1620,0.3333333333333333,18.653515425348107
1621,0.3333333333333333,18.671260669032513
1622,0.3333333333333333,18.685243123995956
1623,1.0,18.696316979547557
1624,1.0,18.703359138756877
1625,1.0,18.715177575935584
1626,1.0,18.734825000463672
1627,1.0,18.747015456115502
1628,1.0,18.759418567704277
1629,1.0,18.773686272592027
1630,1.0,18.783199956482623
1631,1.0,18.789088365737257
1632,1.0,18.793026997777748
1633,1.0,18.798395743505864
1634,1.0,18.808118850519758
1635,1.0,18.824937047818295
1636,0.25,18.845686632706954
1637,0.25,18.867539207104365
1638,0.25,18.88968261773129
1639,0.25,18.91132558044202
1640,1.0,18.92852078890841
1641,1.0,18.948098067607745
1642,1.0,18.960969590803725
1643,0.25,18.96972708539605
1644,0.25,18.976160195388566
1645,0.25,18.98185793664473
1646,0.25,18.986815642672074
1647,1.0,19.0011766227046
1648,1.0,19.017235808127023
1649,1.0,19.028044354232218
1650,1.0,19.03644358889537
1651,1.0,19.04546125074839
1652,1.0,19.052764616682452
1653,1.0,19.058264074249372
1654,1.0,19.06400577838499
1655,1.0,19.07383278759143
1656,1.0,19.086476642697427
1657,1.0,19.09694820525201
1658,1.0,19.104092145185707
1659,1.0,19.108063763928453
1660,2.0,19.11440293534722
1661,1.0,19.12279115669514
1662,1.0,19.12753857271134
1663,1.0,19.135984818153343
1664,1.0,19.139845867858277
1665,1.0,19.153424364395335
1666,1.0,19.177840023137872
1667,1.0,19.20055900726465
1668,1.0,19.223925898179463
1669,1.0,19.249487510586757
1670,1.0,19.26988672265471
1671,1.0,19.283153103867413
1672,1.0,19.30030957604756
1673,1.0,19.313312484863417
1674,1.0,19.32655273443732
1675,1.0,19.33757133449301
1676,1.0,19.348401191985445
1677,1.0,19.359575672657165
1678,1.0,19.368456041467173
1679,1.0,19.37366963191068
1680,0.16666666666666666,19.377414710936478
1681,0.16666666666666666,19.380696728892975
1682,0.16666666666666666,19.38439828092289
1683,0.16666666666666666,19.38868273561998
1684,0.16666666666666666,19.392740268823392
1685,0.16666666666666666,19.39602416683232
1686,0.3333333333333333,19.399054523860322
1687,0.3333333333333333,19.402148808753594
1688,0.3333333333333333,19.409802901598415
1689,1.0,19.41813585124385
1690,1.0,19.42180165149082
1691,1.0,19.42407932069459
1692,1.0,19.433071561126166
1693,1.0,19.452444007261775
1694,1.0,19.469793307988667
1695,1.0,19.480887581977274
1696,1.0,19.493636191967912
1697,2.0,19.517882079303014
1698,1.0,19.555149042664798
1699,1.0,19.620602885837627
1700,1.0,19.689710681588924
1701,1.0,19.709547759142094
1702,1.0,19.73458602710292
1703,1.0,19.761642772233742
1704,1.0,19.78584377948754
1705,1.0,19.80738882619822
1706,1.0,19.82198360260074
1707,1.0,19.829325750482113
1708,1.0,19.84004285526823
1709,1.0,19.855757191088454
1710,1.0,19.86897667912542
1711,1.0,19.88287587672598
1712,1.0,19.896746287031768
1713,2.0,19.9184010543206
1714,1.0,19.948348832898937
1715,1.0,19.98609191338799
1716,1.0,20.04341301045242
1717,1.0,20.10359176592808
1718,1.0,20.157565174134575
1719,1.0,20.203452729091843
1720,1.0,20.23718964613531
1721,0.3333333333333333,20.259875264383965
1722,0.3333333333333333,20.271173745341184
1723,0.3333333333333333,20.276132640020165
1724,1.0,20.29553627004916
1725,1.0,20.324895931829886
1726,1.0,20.35664585285419
1727,1.0,20.38631894825124
1728,1.0,20.405908015878794
1729,1.0,20.4157338886513
1730,1.0,20.42457188155705
1731,1.0,20.434426196254257
1732,1.0,20.44370340605265
1733,1.0,20.45492494817217
1734,1.0,20.46976241099024
1735,1.0,20.48420615284415
1736,0.5,20.495731688372025
1737,0.5,20.502503359012895
1738,1.0,20.50579304260563
1739,1.0,20.50876306293363
1740,1.0,20.51160150263056
1741,1.0,20.51414443547427
1742,1.0,20.518052967167282
1743,1.0,20.52208528655278
1744,1.0,20.52265979919377
1745,1.0,20.539969527297423
1746,1.0,20.56825554678153
1747,1.0,20.58913740979784
1748,2.0,20.61756850352097
1749,1.0,20.669323832255095
1750,1.0,20.720525058320685
1751,1.0,20.7705352820168
1752,1.0,20.816565581984907
1753,1.0,20.850812731705197
1754,1.0,20.876752182471492
1755,1.0,20.913055251525005
1756,1.0,20.93946755452558
1757,1.0,20.95409238896621
1758,1.0,20.962039187400578
1759,1.0,20.96672620830174
1760,1.0,20.9698460794541
1761,1.0,20.973863332368207
1762,1.0,20.987512235160857
1763,0.5,21.004834621922605
1764,0.5,21.018572349866144
1765,1.0,21.025918831934206
1766,1.0,21.0367389681469
1767,1.0,21.051394904339634
1768,1.0,21.06307941589376
1769,0.5,21.06989407173093
1770,0.5,21.075634229440404
1771,1.0,21.079796346060935
1772,1.0,21.08454687188756
1773,1.0,21.088744070265175
1774,1.0,21.09148571420464
1775,1.0,21.09351421298806
1776,1.0,21.096387628540214
1777,1.0,21.100197077793712
1778,1.0,21.104118558170843
1779,1.0,21.10802230177506
1780,1.0,21.111805433755922
1781,1.0,21.114957667869547
1782,1.0,21.118418864698306
1783,1.0,21.12169058269407
1784,1.0,21.12429648265097
1785,1.0,21.126633718192853
1786,1.0,21.12811558781863
1787,1.0,21.129653877368643
1788,1.0,21.131344836369063
1789,1.0,21.133544297368562
1790,1.0,21.135026905927475
1791,0.25,21.13605247323995
1792,0.25,21.13702118449793
1793,0.25,21.138220720147128
1794,0.25,21.139463672900163
1795,1.0,21.141408170003057
1796,1.0,21.143702489287744
1797,1.0,21.1458318213498
1798,1.0,21.160147658578836
1799,1.0,21.173002558894122
1800,1.0,21.195528246894906
1801,1.0,21.23225566761018
1802,1.0,21.277147653735717
1803,1.0,21.31683277218933
1804,1.0,21.34613723209896
1805,1.0,21.36204843031006
1806,1.0,21.37349317506035
1807,1.0,21.381185318913815
1808,1.0,21.38556199422887
1809,0.5,21.393794267197805
1810,0.5,21.414909481022338
1811,1.0,21.44658536787702
1812,1.0,21.469912942559855
1813,1.0,21.49450796635181
1814,1.0,21.51936717494324
1815,1.0,21.541465794257764
1816,1.0,21.56064989058331
1817,1.0,21.583466470014915
1818,1.0,21.602890429718517
1819,1.0,21.61728546069218
1820,1.0,21.62709398606166
1821,0.5,21.633045107614034
1822,0.5,21.63639428928489
1823,1.0,21.650350604573283
1824,1.0,21.676091635964184
1825,1.0,21.70396092436299
1826,1.0,21.721630819557156
1827,1.0,21.73155977528728
1828,1.0,21.73735735889487
1829,1.0,21.748155666173528
1830,1.0,21.75991781340907
1831,1.0,21.769552217714235
1832,1.0,21.778235800955333
1833,1.0,21.789705706505707
1834,0.5,21.801681655059745
1835,0.5,21.81464480457381
1836,1.0,21.837337695905692
1837,1.0,21.856204773392548
1838,1.0,21.860233330138414
1839,1.0,21.86525893427556
1840,2.0,21.87768912918432
1841,1.0,21.88986161560149
1842,1.0,21.89513563816799
1843,1.0,21.897548778622767
1844,1.0,21.900442930691067
1845,1.0,21.906234945603895
1846,1.0,21.921137748576896
1847,1.0,21.941642414596288
1848,1.0,21.963900426896164
1849,0.5,21.98748514037971
1850,0.5,22.00934318198356
1851,1.0,22.031984548645884
1852,1.0,22.05646219818866
1853,1.0,22.07735481574091
1854,1.0,22.096808442379047
1855,1.0,22.1161246366348
1856,1.0,22.12932904546951
1857,1.0,22.140617056049127
1858,1.0,22.14915607652835
1859,1.0,22.15369210236736
1860,3.0,22.161276701422533
1861,1.0,22.16900524509944
1862,0.1111111111111111,22.172913984083287
1863,0.1111111111111111,22.178120637456633
1864,0.1111111111111111,22.18109336850481
1865,0.1111111111111111,22.184623052148144
1866,0.1111111111111111,22.187710122060476
1867,0.1111111111111111,22.195103412657986
1868,0.1111111111111111,22.2049514019758
1869,0.1111111111111111,22.21264903558383
1870,0.1111111111111111,22.218305475690073
1871,1.0,22.22863890939577
1872,1.0,22.242753686257743
1873,1.0,22.253972899724406
1874,1.0,22.26088810464999
1875,4.0,22.300317249358997
1876,1.0,22.32299119512238
1877,0.5,22.329328687079116
1878,0.5,22.334966329010488
1879,1.0,22.34501048485183
1880,1.0,22.356883722127087
1881,1.0,22.370419179863422
1882,1.0,22.381948210055665
1883,14.0,22.447260441144667
1884,1.0,22.627506392101612
1885,1.0,22.676268425700446
